<?xml version="1.0" encoding="utf-8"?>
<options>
  <option option_id="dcThreadIcon_display_position" edit_format="select" data_type="string" advanced="0">
    <default_value>before</default_value>
    <edit_format_params>before=Before thread title
after=After thread title
depends=Depends on user selection</edit_format_params>
    <relation group_id="dcThreadIcon" display_order="2"/>
  </option>
  <option option_id="dcThreadIcon_enable" edit_format="checkbox" data_type="array" advanced="0">
    <default_value>{"thread_view":1,"forum_view":1,"search":1}</default_value>
    <edit_format_params>thread_view=Thread view
forum_view=Forum view &amp; Widget threads
search=Search results</edit_format_params>
    <sub_options>thread_view
forum_view
search</sub_options>
    <relation group_id="dcThreadIcon" display_order="3"/>
  </option>
  <option option_id="dcThreadIcon_forums" edit_format="callback" data_type="array" advanced="0">
    <default_value>["0"]</default_value>
    <edit_format_params>XF\Option\Forum::renderSelectMultiple</edit_format_params>
    <sub_options>*</sub_options>
    <relation group_id="dcThreadIcon" display_order="1"/>
  </option>
</options>
