<?xml version="1.0" encoding="utf-8"?>
<template_modifications>
  <modification type="public" template="forum_post_thread" modification_key="dcThreadIcon_forum_post_thread" description="Append thread icon selector" execution_order="10" enabled="1" action="str_replace">
    <find><![CDATA[<!--[XF:title_final_html]-->]]></find>
    <replace><![CDATA[<xf:include template="dcThreadIcon_icon_selector" />

$0]]></replace>
  </modification>
  <modification type="public" template="forum_post_thread" modification_key="dcThreadIcon_forum_post_thread_2" description="Appends icon position selector" execution_order="10" enabled="1" action="str_replace">
    <find><![CDATA[<xf:captcharow label="{{ phrase('verification') }}" />]]></find>
    <replace><![CDATA[<xf:include template="dcThreadIcon_icon_position_selector" />

$0]]></replace>
  </modification>
  <modification type="public" template="search_result_thread" modification_key="dcThreadIcon_search_result_thread" description="Insert thread icon in search_result_thread" execution_order="10" enabled="1" action="str_replace">
    <find><![CDATA[{{ prefix('thread', $thread) . highlight($thread.title, $options.term) }}]]></find>
    <replace><![CDATA[<xf:if is="$xf.options.dcThreadIcon_enable.search">
	{{ prefix('thread', $thread) }}{{ thread_title_icon($thread) }}
<xf:else/>
	$0
</xf:if>]]></replace>
  </modification>
  <modification type="public" template="thread_edit" modification_key="dcThreadIcon_thread_edit" description="Append thread icon selector (thread edit)" execution_order="10" enabled="1" action="str_replace">
    <find><![CDATA[<xf:prefixinputrow]]></find>
    <replace><![CDATA[<xf:set var="$titleFinalHtml">
	<xf:include template="dcThreadIcon_icon_selector" />
</xf:set>

$0
finalhtml="{$titleFinalHtml}"]]></replace>
  </modification>
  <modification type="public" template="thread_edit" modification_key="dcThreadIcon_thread_edit_2" description="Appends icon position selector (thread edit)" execution_order="10" enabled="1" action="str_replace">
    <find><![CDATA[<xf:macro template="helper_thread_options"]]></find>
    <replace><![CDATA[<xf:include template="dcThreadIcon_icon_position_selector" />

$0]]></replace>
  </modification>
  <modification type="public" template="thread_list_macros" modification_key="dcThreadIcon_thread_list_macros" description="Insert thread icon in thread_list_macros" execution_order="20" enabled="1" action="str_replace">
    <find><![CDATA[{$thread.title}]]></find>
    <replace><![CDATA[<xf:if is="$xf.options.dcThreadIcon_enable.forum_view">
	{{ thread_title_icon($thread) }}
<xf:else/>
	$0
</xf:if>]]></replace>
  </modification>
  <modification type="public" template="thread_list_macros" modification_key="dcThreadIcon_thread_list_macros_2" description="Append thread icon selector (quick post)" execution_order="20" enabled="1" action="str_replace">
    <find><![CDATA[<!--[XF:qt_title_after]-->]]></find>
    <replace><![CDATA[<xf:include template="dcThreadIcon_icon_selector" />

$0]]></replace>
  </modification>
  <modification type="public" template="thread_view" modification_key="dcThreadIcon_thread_view" description="Insert thread icon in thread_view" execution_order="10" enabled="1" action="str_replace">
    <find><![CDATA[{{ prefix('thread', $thread) }}{$thread.title}]]></find>
    <replace><![CDATA[<xf:if is="$xf.options.dcThreadIcon_enable.thread_view">
	{{ prefix('thread', $thread) }}{{ thread_title_icon($thread) }}
<xf:else/>
	$0
</xf:if>]]></replace>
  </modification>
  <modification type="public" template="widget_new_threads" modification_key="dcThreadIcon_widget_new_threads" description="Insert thread icon in widget_new_threads" execution_order="10" enabled="1" action="str_replace">
    <find><![CDATA[{$thread.title}]]></find>
    <replace><![CDATA[<xf:if is="$xf.options.dcThreadIcon_enable.forum_view">
	{{ thread_title_icon($thread) }}
<xf:else/>
	$0
</xf:if>]]></replace>
  </modification>
</template_modifications>
