{
    "js/DC/ThreadIcon/picker.js": "2a4919c8555cbeed04648aa1fa85cd869aad7cf54235d99765b6ee83e3eeb582",
    "src/addons/DC/ThreadIcon/addon.json": "f54de785dd9a16bbe971a1cdfd4254a2d33af04a2bcc23254179c815e3095465",
    "src/addons/DC/ThreadIcon/Entity/Icon.php": "9a0d4e26387fc6655721678c1c17feeb21aa4e392933a23257f31ed82edb4aff",
    "src/addons/DC/ThreadIcon/Listener.php": "5d0dfe9b691ab164af6a9d17b9da8dc4b04fe9111b0627d5cfc2b56f864ab16b",
    "src/addons/DC/ThreadIcon/logo.png": "e518d75962f123793b92d9deef6a06af7f37a231ddb67963043fc292f60cc034",
    "src/addons/DC/ThreadIcon/Repository/Icon.php": "e84798693e8f8f5452b1fec06a12f7b3bbc7890d2be4dc137f8b5caacdbd28db",
    "src/addons/DC/ThreadIcon/Setup.php": "c57f73209c5127d954cdbfc8f0bd69b03c44fd70399020df4de47fe22ee8db70",
    "src/addons/DC/ThreadIcon/Template/TemplaterSetup.php": "ea0fc4c3e1725b816cf6a1c03eac28259d1fc584705dce9a6a7bb6dad14d146b",
    "src/addons/DC/ThreadIcon/XF/Entity/Thread.php": "daf59641418acecd6fc570c7cb32e40c639324e9b4b047941761309d7f44cee3",
    "src/addons/DC/ThreadIcon/XF/Entity/User.php": "128c19550b7c1d991483e2b3961ee3f738784e711af81c5606f1f49eaa7ded86",
    "src/addons/DC/ThreadIcon/XF/Pub/Controller/Forum.php": "5326e0e55f7ae05adb387aa6fd6e92a3e4a888d5fe9a6c53ec29f925d7e3d0d2",
    "src/addons/DC/ThreadIcon/XF/Pub/Controller/Thread.php": "c637dab7d78061819daefbf67807f7beb53a20a0235623e4d335c3d7e192f3ae",
    "src/addons/DC/ThreadIcon/XF/Service/Thread/Creator.php": "fe7edc191933974620be34b10955ceea0905a6f92370676e2cf91ba3c0cefc2b",
    "src/addons/DC/ThreadIcon/XF/Service/Thread/Editor.php": "ff9bd73f0dbcacade4f02e7d0e10071b53fd9574dbf64a80df0ad7b93384fd25",
    "src/addons/DC/ThreadIcon/_data/activity_summary_definitions.xml": "99d8c2563a31320d66f958fc8bda78613545f5f7959bb3cf5318805e3a3c39d2",
    "src/addons/DC/ThreadIcon/_data/admin_navigation.xml": "064ec797484ac00d5ee37367b50b06846d11f480d00550997712707f8fdac8c0",
    "src/addons/DC/ThreadIcon/_data/admin_permission.xml": "ec6fb97cebf0bceb24f1ed1d5778c1db54eeb7535fbb3e31d824840e7aa9ff87",
    "src/addons/DC/ThreadIcon/_data/advertising_positions.xml": "d2f7cbe844bb1df3cf878d22ff6306249245c8ff6b0b87b9b729744bec538261",
    "src/addons/DC/ThreadIcon/_data/api_scopes.xml": "6793eaf758f140e8137187ba20e65f4faccf53410433ae3ad7a8b3b38cb6b3b7",
    "src/addons/DC/ThreadIcon/_data/bb_codes.xml": "faa4ddd5f4a365e5ac39aebdcbe2d25aedf74e7eb9ea4a812766e2fd5e13bdb1",
    "src/addons/DC/ThreadIcon/_data/bb_code_media_sites.xml": "29762987990187b33e43cfb68c08dc917b2d3f0176613d78f8e6c453f82da3f3",
    "src/addons/DC/ThreadIcon/_data/class_extensions.xml": "8368cb913ee24763aa5b562e4a4f1575b51ed645ad4bda85a6ee63e315fcbec4",
    "src/addons/DC/ThreadIcon/_data/code_events.xml": "8370dec3df47f91df4cf79da253446ad11b29f4ea568fe76c774e97a0379f0eb",
    "src/addons/DC/ThreadIcon/_data/code_event_listeners.xml": "e586b64d7f04cdec6309f3c690fecbeacd96fb9cdffd783978f0294ef602629e",
    "src/addons/DC/ThreadIcon/_data/content_type_fields.xml": "c7ad5472b28f465b7ac7617627707eba1b7a39d28089460d52e1ed292fc0b06a",
    "src/addons/DC/ThreadIcon/_data/cron.xml": "323c4284742ef24329cd6db6f288eb9736d2353f36852e1db12591e1583aea26",
    "src/addons/DC/ThreadIcon/_data/help_pages.xml": "a8a0c0b06cdc550438bc8a8d385af3e1e5ab3459877dfb934c1c31be59c89163",
    "src/addons/DC/ThreadIcon/_data/member_stats.xml": "89fb2b93ff1eca7a1f6f752248edf6090dfd24037db1446fd18ff7143f08124d",
    "src/addons/DC/ThreadIcon/_data/navigation.xml": "f75e1c03a45a360bbdfcd0567121665082315068475d5b0feb8b1acbb1688651",
    "src/addons/DC/ThreadIcon/_data/options.xml": "446d667c9025eb7086d4163549ef546638d190f56aede7204209a8e4783ccc38",
    "src/addons/DC/ThreadIcon/_data/option_groups.xml": "43d07391066bf7aaacfea477bb5ebe2b27d1bd9a6d0b97708c791fa4c6c158e2",
    "src/addons/DC/ThreadIcon/_data/permissions.xml": "eb7cca38e0873fd1b057da7263a8ca8f5dccffdbdb84c1ff639983b3b855ec48",
    "src/addons/DC/ThreadIcon/_data/permission_interface_groups.xml": "3177224e96458b829aa7fb24866dda9e0455a4922aee3d669b53f59a1ffdf5d1",
    "src/addons/DC/ThreadIcon/_data/phrases.xml": "714823b0e21376be0cf497f12bc9b3966d04aec908b976155da4d01cb8c8cc9d",
    "src/addons/DC/ThreadIcon/_data/routes.xml": "550fa64f9feedf137dd877b38c2684f94474619d2d83890dbb717a91b50da8f5",
    "src/addons/DC/ThreadIcon/_data/style_properties.xml": "8b8690a8512f01f219dd2da76e3d0c5f62afc1f317b87794a7331c859c36a7a8",
    "src/addons/DC/ThreadIcon/_data/style_property_groups.xml": "68e1879cb3846c42d978487aa8d5145ff3335fc39e58016878824d5cf3fd684c",
    "src/addons/DC/ThreadIcon/_data/templates.xml": "b9d127a61bbb6c3f94f3a239ed0dec84054f134d4af639a902905ffa7d687ace",
    "src/addons/DC/ThreadIcon/_data/template_modifications.xml": "fd62a563778577ef8c97c8405ec808ffa117303a6c6afd8b21e0407d845dcdfe",
    "src/addons/DC/ThreadIcon/_data/widget_definitions.xml": "37e46965256430f24004c2e7f08ba08f9b0d1cbcc4d70e84b3f4e3ffb713e64b",
    "src/addons/DC/ThreadIcon/_data/widget_positions.xml": "a29cee66134f6bc5d75ed9df1eef21096c24401915c5b5c774389c3d7bb2d5b3"
}